id,first_name,last_name,email,gender,ip_address
1,Ruddy,Crocker,rcrocker0@ycombinator.com,Male,198.155.218.21
2,Natasha,Carlino,ncarlino1@timesonline.co.uk,Female,93.116.180.192
3,Levey,Meagh,lmeagh2@omniture.com,Male,235.237.9.208
4,Wade,Runnicles,wrunnicles3@pagesperso-orange.fr,Male,14.108.176.176
5,Bryanty,Matashkin,bmatashkin4@ebay.com,Male,156.201.110.70
6,Yorker,Cadge,ycadge5@harvard.edu,Male,119.13.202.207
7,Finley,Boocock,fboocock6@opensource.org,Male,18.52.108.211
8,Antonin,Batch,abatch7@dmoz.org,Male,28.193.23.140
9,Junette,Hemeret,jhemeret8@home.pl,Female,12.4.213.182
10,Lorita,Bulcroft,lbulcroft9@goodreads.com,Female,151.81.201.222
11,Nicolea,Paddell,npaddella@unc.edu,Female,108.142.60.240
12,Alice,Baistow,abaistowb@buzzfeed.com,Female,146.181.45.143
13,Karina,Saenz,ksaenzc@mail.ru,Female,218.183.79.152
14,Jamesy,Oldknow,joldknowd@businessweek.com,Male,106.88.80.27
15,Wait,Costley,wcostleye@theguardian.com,Male,158.40.232.240
16,Hussein,Heatley,hheatleyf@bing.com,Polygender,60.150.74.23
17,Augustine,Glanville,aglanvilleg@cafepress.com,Male,73.75.255.105
18,Whittaker,Mayho,wmayhoh@google.com,Male,167.148.44.151
19,Trixie,Killshaw,tkillshawi@pinterest.com,Female,192.90.46.71
20,Terence,MacGilmartin,tmacgilmartinj@sciencedirect.com,Male,230.43.128.181
21,Waring,Steer,wsteerk@rediff.com,Male,244.185.117.103
22,Dunc,Burdon,dburdonl@reference.com,Male,40.78.125.74
23,Isabelita,Likely,ilikelym@google.it,Female,195.167.193.211
24,Adoree,Kittless,akittlessn@theglobeandmail.com,Female,47.241.137.27
25,Karia,O'Hannay,kohannayo@odnoklassniki.ru,Female,59.80.50.77
26,Raffarty,Eastcott,reastcottp@eepurl.com,Male,111.108.248.160
27,Herold,Lawson,hlawsonq@reference.com,Male,239.45.49.104
28,Roderigo,Grandham,rgrandhamr@wunderground.com,Male,79.233.4.146
29,Pavia,Brodest,pbrodests@redcross.org,Female,163.197.106.66
30,Eugine,Pendreigh,ependreight@yandex.ru,Female,142.175.174.92
31,Roth,Girtin,rgirtinu@loc.gov,Male,34.192.189.14
32,Genvieve,Jollie,gjolliev@walmart.com,Female,52.80.183.193
33,Nikolos,Blockey,nblockeyw@jimdo.com,Male,193.215.164.121
34,Keir,Etteridge,ketteridgex@google.com.au,Male,17.123.91.21
35,Ethelred,Silverthorn,esilverthorny@w3.org,Male,38.44.58.37
36,Penny,Grinham,pgrinhamz@state.tx.us,Female,217.195.37.38
37,Marcella,Wickson,mwickson10@bandcamp.com,Female,139.217.44.28
38,Dill,Bruster,dbruster11@netvibes.com,Male,89.137.251.206
39,Lindon,Heather,lheather12@mozilla.org,Male,229.145.51.254
40,Kerry,Lourens,klourens13@cisco.com,Male,118.47.70.5
41,Markos,Gopsell,mgopsell14@mtv.com,Male,43.72.119.62
42,Martin,Terron,mterron15@posterous.com,Male,64.108.184.25
43,Andros,O'Moylan,aomoylan16@networkadvertising.org,Male,17.162.60.12
44,Ogdon,Tommeo,otommeo17@nps.gov,Male,182.18.125.227
45,Mable,Retallack,mretallack18@craigslist.org,Female,131.236.138.122
46,Luciano,Macer,lmacer19@google.nl,Male,196.40.206.33
47,Andria,Gebhard,agebhard1a@wunderground.com,Female,94.125.252.76
48,Son,Losseljong,slosseljong1b@nsw.gov.au,Male,71.18.170.175
49,Ansley,Shakelady,ashakelady1c@whitehouse.gov,Female,207.36.198.237
50,Ashien,Spalton,aspalton1d@diigo.com,Female,235.145.12.2
51,Babara,Bickerton,bbickerton1e@qq.com,Genderqueer,249.123.196.102
52,Cchaddie,Hooban,chooban1f@mac.com,Male,50.76.88.111
53,Leontyne,Lidgertwood,llidgertwood1g@mozilla.org,Female,249.219.34.37
54,Normy,Dudderidge,ndudderidge1h@umn.edu,Male,75.101.11.34
55,Jolee,Hamner,jhamner1i@weebly.com,Female,171.13.9.131
56,Ingmar,Burcombe,iburcombe1j@soup.io,Male,42.136.126.246
57,Gerti,Stigell,gstigell1k@google.ru,Female,35.153.60.118
58,Linnea,Gadson,lgadson1l@tripod.com,Female,56.163.90.79
59,Karoline,Trengrouse,ktrengrouse1m@storify.com,Female,176.199.110.71
60,Kati,Ivashev,kivashev1n@seattletimes.com,Female,76.33.125.11
61,Bryn,Francecione,bfrancecione1o@nhs.uk,Female,215.135.100.8
62,Hildagarde,Feldbaum,hfeldbaum1p@about.me,Female,192.131.140.0
63,Kenn,Ewbanche,kewbanche1q@deviantart.com,Male,84.227.86.148
64,Talyah,Wilfing,twilfing1r@utexas.edu,Female,186.52.114.102
65,Ario,Guerin,aguerin1s@census.gov,Male,72.172.38.183
66,Hasty,Penreth,hpenreth1t@google.ru,Male,112.230.53.6
67,Husain,Puddephatt,hpuddephatt1u@zimbio.com,Male,55.234.90.8
68,Maureene,Felgate,mfelgate1v@godaddy.com,Female,20.86.147.254
69,Rosaleen,Alekhov,ralekhov1w@studiopress.com,Female,226.241.132.222
70,Berkley,Renne,brenne1x@list-manage.com,Male,12.171.249.0
71,Eirena,Bowlas,ebowlas1y@va.gov,Female,31.154.130.190
72,Alvy,Curness,acurness1z@house.gov,Agender,50.102.228.22
73,Ulrike,Episcopio,uepiscopio20@merriam-webster.com,Female,117.210.44.196
74,Winny,Measor,wmeasor21@about.me,Male,148.81.87.188
75,Olin,Croker,ocroker22@nbcnews.com,Bigender,233.177.64.17
76,Kriste,Shellcross,kshellcross23@vistaprint.com,Female,43.48.126.125
77,Gonzalo,Cowpland,gcowpland24@cornell.edu,Male,71.27.198.250
78,Felipe,Pessolt,fpessolt25@mozilla.org,Male,127.177.188.32
79,Nance,Gurton,ngurton26@japanpost.jp,Female,166.133.20.209
80,Emlyn,Klimpt,eklimpt27@blogtalkradio.com,Male,87.75.51.44
81,Ivonne,Plaschke,iplaschke28@multiply.com,Female,223.220.180.230
82,Tait,Emblin,temblin29@sun.com,Male,75.137.9.37
83,Lana,Leheude,lleheude2a@nytimes.com,Female,109.182.49.37
84,Emanuele,Tupp,etupp2b@boston.com,Agender,108.99.138.44
85,Cher,Simison,csimison2c@epa.gov,Genderqueer,4.83.228.248
86,Jeniffer,Wadsworth,jwadsworth2d@weebly.com,Female,83.28.104.35
87,Cesya,Tice,ctice2e@skype.com,Female,16.226.245.199
88,Broddy,Davenhill,bdavenhill2f@nytimes.com,Male,22.39.136.163
89,Nadya,Altree,naltree2g@statcounter.com,Female,151.206.96.242
90,Francesco,Crewe,fcrewe2h@squarespace.com,Male,223.51.30.227
91,Kippar,Rolinson,krolinson2i@ycombinator.com,Male,40.73.2.187
92,Layton,Faughnan,lfaughnan2j@netscape.com,Male,214.63.9.35
93,Dominique,Molyneaux,dmolyneaux2k@amazon.de,Female,122.134.45.15
94,Brendon,Vaillant,bvaillant2l@unicef.org,Male,179.47.162.79
95,Edythe,Antyukhin,eantyukhin2m@ebay.co.uk,Female,26.95.174.62
96,Kania,Doag,kdoag2n@canalblog.com,Female,150.29.109.64
97,Niall,Kilgour,nkilgour2o@yellowpages.com,Male,159.124.114.35
98,See,Top,stop2p@buzzfeed.com,Male,90.199.157.255
99,Isac,Hattrick,ihattrick2q@taobao.com,Male,160.31.3.152
100,Rudie,Hegden,rhegden2r@storify.com,Male,131.44.169.138
